a,b,R_Squared,RMSE
139.534802,182.975804,0.5480526,151.3966255
