a,b,R_Squared,RMSE
66.698126,35.1708103,0.8812168,102.9240836
